<?xml version="1.0" encoding="utf-8"?>
<!--/221740/1201000/2.50/2/4/TVS Diode (Uni-directional)/-->
<quadcept_library>
  <setting unit="mil" />
  <textstyle name="Default" height="47.244094488189" strokewidth="7.8740157480315" charwidth="47.244094488189" />
  <textstyle name="Dimension" height="19.6850393700787" strokewidth="0" charwidth="19.6850393700787" />
  <textstyle name="H127W0635TH00762" height="50" strokewidth="3" charwidth="25" />
  <textstyle name="H15W15TH02" height="59.0551181102362" strokewidth="7.8740157480315" charwidth="59.0551181102362" />
  <padstyle name="r42.5_30" surface="True" plated="False" isvia="False" nopaste="False" nomask="True" complex="False" holesize="0">
    <padshape layer="TOP" shape="rectangle" width="11.811023622047" height="16.732283464567" />
    <padshape layer="TOP_SOLDER_MASK" shape="rectangle" width="19.685039370078" height="24.606299212598" />
    <padshape layer="TOP_SOLDER_PASTE" shape="rectangle" width="11.811023622047" height="16.732283464567" />
  </padstyle>
  <footprint name="ESDALC6V11U2" originx="0" originy="0" pickpointx="0" pickpointy="0">
    <pcbpin number="1" name="1" style="r42.5_30" originx="1.2204724409449" originy="0" rotation="90" />
    <pcbpin number="2" name="2" style="r42.5_30" originx="25.826771653543" originy="0" rotation="90" />
    <line layer="TOP_ASSEMBLY" originx="1.7322834645669" originy="5.9055118110235" endx="25.354330708661" endy="5.9055118110235" width="7.8740157480314" />
    <line layer="TOP_ASSEMBLY" originx="25.354330708661" originy="5.9055118110235" endx="25.354330708661" endy="-5.9055118110235" width="7.8740157480314" />
    <line layer="TOP_ASSEMBLY" originx="25.354330708661" originy="-5.9055118110235" endx="1.7322834645669" endy="-5.9055118110235" width="7.8740157480314" />
    <line layer="TOP_ASSEMBLY" originx="1.7322834645669" originy="-5.9055118110235" endx="1.7322834645669" endy="5.9055118110235" width="7.8740157480314" />
    <line layer="TOP_PLACE_BOUND" originx="-65.1968503937" originy="45.275590551181" endx="73.582677165353" endy="45.275590551181" width="3.9370078740157" />
    <line layer="TOP_PLACE_BOUND" originx="73.582677165353" originy="45.275590551181" endx="73.582677165353" endy="-45.275590551181" width="3.9370078740157" />
    <line layer="TOP_PLACE_BOUND" originx="73.582677165353" originy="-45.275590551181" endx="-65.1968503937" endy="-45.275590551181" width="3.9370078740157" />
    <line layer="TOP_PLACE_BOUND" originx="-65.1968503937" originy="-45.275590551181" endx="-65.1968503937" endy="45.275590551181" width="3.9370078740157" />
    <line layer="TOP_SILKSCREEN" originx="-21.889763779527" originy="-3.9370078740157" endx="-21.889763779527" endy="-3.9370078740157" width="7.8740157480314" />
    <arc layer="TOP_SILKSCREEN" originx="-21.889763779527" originy="0" startangle="-90.0" sweepangle="-180.0" radius="3.9370078740157" width="7.8740157480314" />
    <line layer="TOP_SILKSCREEN" originx="-21.889763779527" originy="3.9370078740157" endx="-21.889763779527" endy="3.9370078740157" width="7.8740157480314" />
    <arc layer="TOP_SILKSCREEN" originx="-21.889763779527" originy="0" startangle="90.0" sweepangle="-180.0" radius="3.9370078740157" width="7.8740157480314" />
  </footprint>
  <symbol name="ESDALC6V1-1U2" originx="0" originy="0">
    <line originx="200" originy="0" endx="400" endy="100" width="0" />
    <line originx="400" originy="-100" endx="400" endy="100" width="0" />
    <line originx="400" originy="-100" endx="200" endy="0" width="0" />
    <line originx="200" originy="-80" endx="240" endy="-100" width="0" />
    <line originx="200" originy="-80" endx="200" endy="80" width="0" />
    <line originx="160" originy="100" endx="200" endy="80" width="0" />
    <sympin number="1" originx="200" originy="0" rotation="180" length="100" width="7.8740157480315" flipped="False">
      <text name="pinname" originx="0" originy="-20" style="Default" rotation="0" justify="upperleft" flipped="False" hidden="True" data="K" />
      <text name="pindes" originx="0" originy="20" style="Default" rotation="0" justify="lowerleft" flipped="False" hidden="False" data="1" />
    </sympin>
    <sympin number="2" originx="400" originy="0" rotation="0" length="100" width="7.8740157480315" flipped="False">
      <text name="pinname" originx="600" originy="-20" style="Default" rotation="0" justify="upperright" flipped="False" hidden="True" data="A" />
      <text name="pindes" originx="600" originy="20" style="Default" rotation="0" justify="lowerright" flipped="False" hidden="False" data="2" />
    </sympin>
  </symbol>
  <component name="ESDALC6V1-1U2" designatorprefix="D" height="0" footprint="ESDALC6V11U2">
    <comppin designator="1" sympin="1" pinswap="0" gateswap="0" gate="1" group="1" side="" type="Any" name="K" />
    <comppin designator="2" sympin="2" pinswap="0" gateswap="0" gate="1" group="1" side="" type="Any" name="A" />
    <attached_symbol gate="1" name="ESDALC6V1-1U2" />
    <pinmap designator="1" footprintpin="1" />
    <pinmap designator="2" footprintpin="2" />
    <text name="Datasheet" originx="0" originy="0" style="Default" rotation="0" justify="" flipped="False" hidden="True" data="http://www.st.com/web/en/resource/technical/document/datasheet/CD00212838.pdf" />
    <text name="Description" originx="0" originy="0" style="Default" rotation="0" justify="" flipped="False" hidden="True" data="STMicroelectronics ESDALC6V1-1U2, Uni-Directional TVS Diode, 20W, 2-Pin ST-0201" />
    <text name="Mouser Part Number" originx="0" originy="0" style="Default" rotation="0" justify="" flipped="False" hidden="True" data="511-ESDALC6V1-1U2" />
    <text name="Mouser Price/Stock" originx="0" originy="0" style="Default" rotation="0" justify="" flipped="False" hidden="True" data="https://www.mouser.co.uk/ProductDetail/STMicroelectronics/ESDALC6V1-1U2?qs=dgCJ4P5xKlbGZPjlSTLhTA%3D%3D" />
    <text name="Manufacturer_Name" originx="0" originy="0" style="Default" rotation="0" justify="" flipped="False" hidden="True" data="STMicroelectronics" />
    <text name="Manufacturer_Part_Number" originx="400" originy="250" style="Default" rotation="0" justify="lowerleft" flipped="False" hidden="False" data="ESDALC6V1-1U2" />
  </component>
</quadcept_library>
